Feature Index,Importance
3,0.46143936976847394
266,0.01438778466034341
700,0.011539808810177753
510,0.010467845653414212
5,0.009885007570971955
961,0.009742214740112765
0,0.009507665507433784
1,0.009172385704105685
518,0.009168653120637112
701,0.009112603882788234
2,0.009062207747083694
936,0.008610891309698122
177,0.008218591195377834
935,0.007896851614444733
623,0.006832988546302595
428,0.006123436634966495
494,0.006062802267873396
699,0.005979560478608512
775,0.005977766195144527
4,0.005950022506560914
381,0.00575409136198279
971,0.0049311051301019595
204,0.004644718116043767
309,0.004481371295496248
973,0.004357090827635429
503,0.004278176158488153
301,0.00412020678154745
456,0.004042085744354296
276,0.0038785070670870458
334,0.003815999414114691
260,0.0038154485254011665
335,0.003803924727722397
530,0.003535063061954108
509,0.00341732743768063
373,0.003375170968858264
687,0.0032011891924213958
795,0.003099637159946435
655,0.0030903311518495646
594,0.003084719710331374
106,0.0030808982162247784
129,0.0030383879886162818
470,0.003006352870545513
236,0.002977163434788954
723,0.0029616487567635037
799,0.002939734054403793
755,0.0028693228823069134
196,0.00284391595723962
543,0.0027223489283074555
452,0.002687949133139727
566,0.002586595968276113
116,0.002526019959882001
884,0.002439534784469415
887,0.0024247965586119036
720,0.002351775102685897
345,0.0023206554444038744
662,0.002292641602964693
259,0.002286651554682216
954,0.0022221793536564643
1002,0.0022198610714572304
537,0.002207930807021823
824,0.00215655269282276
512,0.0021298562721390416
126,0.002103616985799753
895,0.002042478649325725
488,0.002024631292681099
376,0.0020140611961335913
678,0.0020039739550772808
989,0.001993933091191418
533,0.0019679945190488792
751,0.0019487720398009129
142,0.001928909372248691
912,0.0019168271263280438
835,0.0018915084936920702
327,0.0018764169969643716
507,0.0018552303525061643
627,0.0018435989742695586
253,0.0017848628900198798
519,0.001781985486275599
235,0.0017807929118797145
747,0.0017714390000804728
722,0.0017703757323352667
1017,0.001748220096144707
821,0.0017474971467706783
93,0.001739548294090576
270,0.001737020424367081
178,0.00172984286110761
378,0.001722897821209943
6,0.0017079858509193363
137,0.0016067234164313126
144,0.0015980336589339788
579,0.0015945834974808693
267,0.0015937818308548546
10,0.0015837831996200606
125,0.0015797953466987166
103,0.001568046558698387
625,0.0015592718078380923
994,0.001496636385392724
412,0.0014550510099421699
749,0.0014543668518430608
785,0.0014502221261416734
220,0.001441270259622225
945,0.0014371422863815695
531,0.0014237734104443392
198,0.0014222143320208192
491,0.0014148915871789755
664,0.0014086379172332352
698,0.0013997815695425257
474,0.0013668363669590935
916,0.001354227912999341
587,0.0013512657121123345
17,0.0013384797036434539
725,0.001335638276904129
668,0.0013205490236925257
8,0.0013204409128153263
918,0.001304909637261184
88,0.0013028195414621837
560,0.001292962422541778
610,0.0012920148170599216
988,0.0012627223268242799
707,0.0012618000973870272
847,0.0012599989065024333
851,0.0012579882542843156
511,0.0012573508715011392
377,0.0012283959271891824
781,0.0012264642217712266
322,0.0012128815758911192
778,0.0012117163281578722
269,0.0012070573285993425
796,0.0012035878632322616
844,0.0011950622037708023
874,0.0011673895518425083
937,0.0011641831711928863
944,0.001156724913932337
424,0.001153992498725395
593,0.0011536382505437002
520,0.0011524739007034615
146,0.0011524306583494065
974,0.0011523462114399348
248,0.0011512984677280356
157,0.001141246708911342
130,0.0011328868672131395
759,0.001130826693000384
91,0.0011261302339201542
526,0.0011241433937921744
521,0.0011204352609626741
969,0.0010846496996084478
680,0.0010804831942732302
965,0.0010787277735254475
985,0.0010781365537573782
481,0.0010764717318613578
692,0.0010753724480779402
741,0.0010639401679966255
513,0.0010617724556370753
906,0.0010604110563520012
727,0.0010502804830516154
408,0.0010482234889175415
633,0.0010460522713442442
873,0.0010376527256628772
471,0.0010328443802689697
429,0.001027976924144495
966,0.0010204794609759442
431,0.0010039237313771284
495,0.001003367915654098
268,0.0009991739706803747
210,0.0009975664744865224
599,0.000992585582761459
508,0.000990228151441888
626,0.0009897080048334652
666,0.0009857825239423857
629,0.0009848576657467704
22,0.0009812843519850381
694,0.0009770776505590602
718,0.0009698676437792887
960,0.0009668570004305516
984,0.0009643477409107468
262,0.0009621115660709888
827,0.0009581488042531358
669,0.0009487361430609822
946,0.0009486751009090132
615,0.0009470562692334972
898,0.000946325547000235
557,0.0009454400703843678
675,0.0009369170243605043
776,0.0009202786501961346
705,0.0009103079942787388
449,0.0009091714118833521
929,0.0009025403613122705
303,0.0008968757163873547
567,0.0008937856235617181
135,0.000890157446268824
172,0.0008740412902291364
104,0.0008702756060721176
30,0.000868830430109502
777,0.0008685689138039653
756,0.0008641581396425829
163,0.0008578505910468683
442,0.000855108074475356
333,0.0008469050238522715
423,0.0008447167367700445
843,0.0008305892285294588
986,0.0008076445421361404
682,0.0008042647259461131
690,0.0008031077544427413
527,0.0008002925699858128
67,0.0007944867185216884
124,0.0007852178365541738
330,0.0007777228933496661
516,0.0007722840130605557
26,0.0007685695138535498
695,0.0007671503891338882
300,0.0007649664270659437
863,0.0007631836624479071
934,0.0007624776393720383
571,0.0007601525588989327
306,0.0007567060281745624
766,0.000753656145336413
35,0.0007520773060189663
246,0.0007438154800404994
417,0.00074324968145695
385,0.0007429510866207756
165,0.0007413267898404375
468,0.0007348096954817496
817,0.0007345140318453289
750,0.0007338088460001388
743,0.0007282730031568866
162,0.0007269596950876527
357,0.0007264913494527104
497,0.0007232545994533549
284,0.0007197116254295751
278,0.000716610837417395
462,0.0007104544333005969
7,0.0007093747363147382
592,0.0007066908362084294
907,0.0007065106824415457
1015,0.000705177075109373
258,0.0007033023033926444
553,0.000698229451192554
724,0.0006968187207919836
73,0.000695519217752057
823,0.000690485765417013
133,0.0006857357715630103
800,0.0006838852947867314
1005,0.0006828368925920276
336,0.000682614382359298
94,0.000679659726785436
505,0.0006768044269765317
636,0.0006761008127385714
555,0.0006753132180442403
398,0.0006732215497657008
762,0.000671595020645737
733,0.0006703703653886439
459,0.0006693788298797972
324,0.0006594411038541938
1001,0.0006540673842799855
211,0.0006501747281637714
635,0.0006442118560508778
788,0.0006392913236262709
446,0.0006386913858148913
924,0.000632187050197172
1009,0.0006288234215754819
855,0.0006230934429671265
721,0.0006228954274267149
24,0.0006223180650290476
110,0.0006215140894675098
1016,0.0006182972636841019
277,0.0006112165919375242
671,0.0006110647929787667
1027,0.0006080285336506895
337,0.0005957232045269703
1008,0.000593456395986475
384,0.0005927432824109377
433,0.000592601282471446
882,0.0005846581554023275
570,0.0005802262555476164
461,0.0005722722801567687
436,0.0005711683615000219
545,0.0005408413207111151
342,0.000537893670354336
559,0.0005344394812067549
938,0.0005334533095347907
783,0.0005297169409787506
763,0.0005268430018876798
307,0.0005260857651119765
445,0.0005110496149292647
742,0.0004978445094819993
416,0.000493647988411394
634,0.0004913760249279051
234,0.0004909231304354652
765,0.0004886145665020495
315,0.0004872695490835609
206,0.0004844177404695868
732,0.00048119988917875414
670,0.00047225733618721637
359,0.00046576117853322637
413,0.0004478240663606057
697,0.0004436898710094841
123,0.00040627548579443847
156,0.0003829628707834952
583,0.00037473654664047835
107,0.00037007774567882046
